{
    "id": "ultimaker2plus_base_octoprint",
    "version": 1,
    "name": "Ultimaker 2+ with Octoprint",
    "manufacturer": "Ultimaker",
    "author": "Ultimaker",
    "platform": "ultimaker2_platform.obj",
    "platform_texture": "Ultimaker2Plusbackplate.png",
    "visible": false,
    "file_formats": "text/x-gcode",
    "inherits": "ultimaker2plus.json",

    "machine_settings": {
        "machine_gcode_flavor": { "default": "RepRap (Marlin/Sprinter)" },

        "machine_start_gcode": {
			"default": ";Sliced at: {day} {date} {time}\n;Basic settings: Layer height: {layer_height} Walls: {wall_thickness} Fill: {fill_density}\n;Print time: {print_time}\n;Filament used: {filament_amount}m {filament_weight}g\n;Filament cost: {filament_cost}\n;M190 S{print_bed_temperature} ;Uncomment to add your own bed temperature line\n;M109 S{print_temperature} ;Uncomment to add your own temperature line\nG21        ;metric values\nG90        ;absolute positioning\nM82        ;set extruder to absolute mode\nM107       ;start with the fan off\nG28 X0 Y0  ;move X/Y to min endstops\nG28 Z0     ;move Z to min endstops\nG1 F12000 X5 Y10 ;move hotend to front left\nG1 Z15.0 F{travel_speed} ;move the platform down 15mm\nG92 E0                  ;zero the extruded length\nG1 F200 E20              ;extrude 20mm of feed stock FAST\nG1 F50 E30              ;extrude 30mm of feed stock SLOW\nG92 E0                  ;zero the extruded length again\nG1 F{travel_speed}\n;Put printing message on LCD screen\nM117 Printing...\n"         
        },
        "machine_end_gcode": {
			"default": ";End GCode\nM107 ;fans off\nM104 S0 ;extruder heater off\nM140 S0 ;heated bed heater off (if you have it)\nG21 ;metric values\nM83 ;set extruder to relative mode\nG1 F1500 E-10 ;retract\nG90 ;absolute positioning\nG28 Z0 X0 Y0 ;move Z and  X/Y to min endstops\nG91 ;relative positioning\nM84 ;steppers off\nG90 ;absolute positioning\n;{profile_string}"
		}
   }
}